Title,Company,Location,Link
Senior Python Engineer,YouGov,No office location,https://stackoverflow.com/jobs/509007 
"Software Engineer, Python",YouGov,"Warsaw, Poland",https://stackoverflow.com/jobs/522728 
Lead Software Engineer - Python (m/w/d),Ben Fleet Services GmbH,"Berlin, Deutschland",https://stackoverflow.com/jobs/504581 
Senior Backend Engineer - Python,Cornershop,"São Paulo, Brazil",https://stackoverflow.com/jobs/515697 
Software Developer (Python),Nexthink,"Prilly, Switzerland",https://stackoverflow.com/jobs/471159 
Python Developer,UKG (Ultimate Kronos Group),No office location,https://stackoverflow.com/jobs/487629 
"Full-stack developer (Python, Django, AWS, React)",Tuune,"London, UK",https://stackoverflow.com/jobs/521987 
Développeur Fullstack Python H/F,Institut du Cerveau – ICM,"Paris, France",https://stackoverflow.com/jobs/524505 
Software Ingenieur Java/Python (m/w/d) Netzinformationssystem,Stadtwerke München GmbH,"München, Deutschland",https://stackoverflow.com/jobs/516836 
Python Software Engineer,ColdQuanta Inc.,"Boulder, CO",https://stackoverflow.com/jobs/524661 
Backend Software Engineer: Python/ Java (m/f/d),creditshelf,"Frankfurt am Main, Deutschland",https://stackoverflow.com/jobs/219940 
Python Software Developer,EODC GmbH,"Wien, Österreich",https://stackoverflow.com/jobs/496568 
"Senior Software Engineer, Python",Genesys,"Durham, NC",https://stackoverflow.com/jobs/522071 
Python Software Engineer,bloomon,"Amsterdam, Netherlands",https://stackoverflow.com/jobs/515564 
Python Developer,Octopus Energy,"London, UK",https://stackoverflow.com/jobs/468269 
Backend Engineer (Python/ Django),Sector Labs,"Dubai, United Arab Emirates",https://stackoverflow.com/jobs/518496 
Software Engineer - Python,Hearst Magazines,"New York, NY",https://stackoverflow.com/jobs/485603 
Software Developer (Python),Picnic,"Amsterdam, Netherlands",https://stackoverflow.com/jobs/292346 
"Remote Senior Software Engineer, Python / AWS",Verys,"Santa Ana, CA",https://stackoverflow.com/jobs/525763 
Python Web Developer,RavenPack International SL.,"Marbella, Spain",https://stackoverflow.com/jobs/470988 
Senior Python Software Engineer - Search,Cookpad Limited,"Bristol, UK",https://stackoverflow.com/jobs/472388 
Python Software Developer_in (w/m/d),Next Kraftwerke GmbH,"Köln, Germany",https://stackoverflow.com/jobs/518482 
Django / Python Developer,Divio,"Stockholm, Sweden",https://stackoverflow.com/jobs/519517 
Développeur Backend Python Senior (F/H),Thegreendata,"Paris, France",https://stackoverflow.com/jobs/515492 
Product Manager - Python Ecosystem,SonarSource,"Geneva, Switzerland",https://stackoverflow.com/jobs/524200 
"Software Engineer, Python",YouGov,"Warsaw, Poland",https://stackoverflow.com/jobs/522728 
Lead Software Engineer - Python (m/w/d),Ben Fleet Services GmbH,"Berlin, Deutschland",https://stackoverflow.com/jobs/504581 
Senior Backend Engineer - Python,Cornershop,"São Paulo, Brazil",https://stackoverflow.com/jobs/515697 
Software Developer (Python),Nexthink,"Prilly, Switzerland",https://stackoverflow.com/jobs/471159 
Python Developer,UKG (Ultimate Kronos Group),No office location,https://stackoverflow.com/jobs/487629 
"Full-stack developer (Python, Django, AWS, React)",Tuune,"London, UK",https://stackoverflow.com/jobs/521987 
Développeur Fullstack Python H/F,Institut du Cerveau – ICM,"Paris, France",https://stackoverflow.com/jobs/524505 
Software Ingenieur Java/Python (m/w/d) Netzinformationssystem,Stadtwerke München GmbH,"München, Deutschland",https://stackoverflow.com/jobs/516836 
Senior Python Engineer,YouGov,No office location,https://stackoverflow.com/jobs/509007 
Backend Software Engineer: Python/ Java (m/f/d),creditshelf,"Frankfurt am Main, Deutschland",https://stackoverflow.com/jobs/219940 
Python Software Developer,EODC GmbH,"Wien, Österreich",https://stackoverflow.com/jobs/496568 
Python Software Engineer,ColdQuanta Inc.,"Boulder, CO",https://stackoverflow.com/jobs/524661 
Senior Marketing Software Engineer (Python) - 5605,"Chewy, Inc.","Dania Beach, FL",https://stackoverflow.com/jobs/501814 
Senior Python Developer,Trafilea,No office location,https://stackoverflow.com/jobs/501177 
Backend Engineer (Python/ Django),Sector Labs,"Dubai, United Arab Emirates",https://stackoverflow.com/jobs/518496 
Senior Software Developer Python (m/f/d),Ströer Online Marketing,"Hamburg, Deutschland",https://stackoverflow.com/jobs/462625 
"Remote Senior Software Engineer, Python / AWS",Verys,"Santa Ana, CA",https://stackoverflow.com/jobs/525763 
Python Software Engineer,bloomon,"Amsterdam, Netherlands",https://stackoverflow.com/jobs/515564 
Python Web Developer,RavenPack International SL.,"Marbella, Spain",https://stackoverflow.com/jobs/470988 
Senior Python Software Engineer - Search,Cookpad Limited,"Bristol, UK",https://stackoverflow.com/jobs/472388 
Python Software Developer_in (w/m/d),Next Kraftwerke GmbH,"Köln, Germany",https://stackoverflow.com/jobs/518482 
Python Developer,Octopus Energy,"London, UK",https://stackoverflow.com/jobs/468269 
Software Developer (Python),Picnic,"Amsterdam, Netherlands",https://stackoverflow.com/jobs/292346 
Software Engineer - Python,Hearst Magazines,"New York, NY",https://stackoverflow.com/jobs/485603 
Senior Python Developer Remote (f/m/d),Ambient Innovation: GmbH,No office location,https://stackoverflow.com/jobs/493874 
Python Software Engineer - International growing scale-up!,Channable,"Utrecht, Netherlands",https://stackoverflow.com/jobs/458136 
"Tech Lead, Python Systems Engineering",McD Tech Labs,"Mountain View, CA",https://stackoverflow.com/jobs/523801 
Python Software Engineer,Captivation Software,"Fort Meade, MD",https://stackoverflow.com/jobs/525426 
Senior Backend Engineer - Python - México,Cornershop by Uber,No office location,https://stackoverflow.com/jobs/526139 
Senior Marketing Software Engineer (Python) - 5605,"Chewy, Inc.","Dania Beach, FL",https://stackoverflow.com/jobs/501814 
Senior Python Engineer,YouGov,No office location,https://stackoverflow.com/jobs/509007 
Backend Software Engineer: Python/ Java (m/f/d),creditshelf,"Frankfurt am Main, Deutschland",https://stackoverflow.com/jobs/219940 
Django (Python) Back End Developer,"Daupler, Inc.","Kansas City, MO",https://stackoverflow.com/jobs/523350 
C++ and Python software engineers - Metrology,ASML,"Veldhoven, Netherlands",https://stackoverflow.com/jobs/523429 
Python Software Developer,EODC GmbH,"Wien, Österreich",https://stackoverflow.com/jobs/496568 
Python Backend Developer (m/w/d),sonnen GmbH,"Wildpoldsried, Deutschland",https://stackoverflow.com/jobs/523030 
Full-Stack Engineer (Python OR Javascript),Neo4j,"Malmö, Sweden",https://stackoverflow.com/jobs/362199 
Senior Python Developer,Trafilea,No office location,https://stackoverflow.com/jobs/501177 
Senior Python Software Developer - Remote,Upstack,No office location,https://stackoverflow.com/jobs/422072 
Python Developer,Flow Traders,"Amsterdam, Netherlands",https://stackoverflow.com/jobs/525727 
Principal Python Engineer,ComplyAdvantage,"London, UK",https://stackoverflow.com/jobs/504216 
Senior Software Developer Python (m/f/d),Ströer Online Marketing,"Hamburg, Deutschland",https://stackoverflow.com/jobs/462625 
Python developer for VoIP service provider,TelSmart,"Zagreb, Croatia",https://stackoverflow.com/jobs/435753 
Senior Software Engineer - Python,Andela,No office location,https://stackoverflow.com/jobs/515967 
Sr. Python Software Engineer,Global Reach Consulting LLC,"Reston, VA",https://stackoverflow.com/jobs/417839 
Zwei Webentwickler Python/Django (w/m/d),Rheinwerk Verlag GmbH,"Bonn, Germany",https://stackoverflow.com/jobs/516382 
Senior Python Developer,Marketer Technologies AS,No office location,https://stackoverflow.com/jobs/518200 
Senior Python Developer Remote (f/m/d),Ambient Innovation: GmbH,No office location,https://stackoverflow.com/jobs/493874 
"Awesome Full-Stack Software Engineer - Java, Python, JavaScript (Fully Cleared)",Erias Ventures,"Annapolis Junction, MD",https://stackoverflow.com/jobs/432032 
Python Software Engineer Intern for Geospatial AI Platform Team,Blackshark.ai GmbH,"Graz, Österreich",https://stackoverflow.com/jobs/491339 
Softwareentwickler (m/w/d) Backend Python/Go,Hetzner Cloud GmbH,"Unterföhring, Deutschland",https://stackoverflow.com/jobs/272624 
"Software Engineer (m/f/d) Python, C++, GO or JavaScript",ProSiebenSat.1 Media SE,"München, Deutschland",https://stackoverflow.com/jobs/497098 
Python Developer,Flow Traders,"Amsterdam, Netherlands",https://stackoverflow.com/jobs/525727 
Python developer for VoIP service provider,TelSmart,"Zagreb, Croatia",https://stackoverflow.com/jobs/435753 
Sr. Python Software Engineer,Global Reach Consulting LLC,"Reston, VA",https://stackoverflow.com/jobs/417839 
"Python Developer, API Integrations (contract)",Gordian Software,No office location,https://stackoverflow.com/jobs/522908 
Senior Fullstack Engineer - Python / Django / React,StyleSeat,No office location,https://stackoverflow.com/jobs/522691 
Zwei Webentwickler Python/Django (w/m/d),Rheinwerk Verlag GmbH,"Bonn, Germany",https://stackoverflow.com/jobs/516382 
Senior Python Developer,Marketer Technologies AS,No office location,https://stackoverflow.com/jobs/518200 
Python Engineer II,Flashpoint,No office location,https://stackoverflow.com/jobs/525620 
"Awesome Full-Stack Software Engineer - Java, Python, JavaScript (Fully Cleared)",Erias Ventures,"Annapolis Junction, MD",https://stackoverflow.com/jobs/432032 
Python Software Engineer Intern for Geospatial AI Platform Team,Blackshark.ai GmbH,"Graz, Österreich",https://stackoverflow.com/jobs/491339 
Python Developer,Blackshark.ai GmbH,"Graz, Austria",https://stackoverflow.com/jobs/474475 
Senior Python Developer,Addison Group,"Plano, TX",https://stackoverflow.com/jobs/521499 
"SENIOR FULL-STACK DEV WITH RUBY / PYTHON / REACT NATIVE -- 100% REMOTE, FLEXIBLE",Analytics Fire,No office location,https://stackoverflow.com/jobs/517987 
Développeur(se) Craft(wo)man .Net ou Python,Arolla,"Paris, France",https://stackoverflow.com/jobs/501121 
"Scala/Go/Python Software Engineer - DevOps, MicroServices and Drug Discovery",Medicines Discovery Catapult,"Alderley Edge, UK",https://stackoverflow.com/jobs/459707 
Software Engineer - Python,Hearst Magazines,"New York, NY",https://stackoverflow.com/jobs/485603 
Backend developer (Python/Django) with a passion for open source,5 Monkeys Agency ABvia5 Monkeys Agency AB,"Göteborg, Sweden",https://stackoverflow.com/jobs/518076 
Python Developer,Zyte (formerly Scrapinghub),No office location,https://stackoverflow.com/jobs/513698 
Django (Python) Back End Developer,"Daupler, Inc.","Kansas City, MO",https://stackoverflow.com/jobs/523350 
Senior Python Backend Developer,Alfi Inc.,"Belfast, UK",https://stackoverflow.com/jobs/520640 
Software Engineer - PYTHON (m/f/d),Natif.ai GmbH,"Saarbrücken, Deutschland",https://stackoverflow.com/jobs/523049 
Product Manager - Python Ecosystem,SonarSource,"Geneva, Switzerland",https://stackoverflow.com/jobs/524200 
Python Software Engineer,QuantumBlack,"London, UK",https://stackoverflow.com/jobs/372731 
Senior Full-Stack Django/Python Developer,"Share Edge, LLC","Manhattan Beach, CA",https://stackoverflow.com/jobs/501234 
Python Software Engineer,Trilliant Health,"Nashville, TN",https://stackoverflow.com/jobs/456801 
Senior Python Developer,Marketer Technologies AS,No office location,https://stackoverflow.com/jobs/518200 
Senior Python Developer,Addison Group,"Plano, TX",https://stackoverflow.com/jobs/521499 
"Senior Software Engineer, Python",YouGov,No office location,https://stackoverflow.com/jobs/514399 
Python Software Engineer Intern for Geospatial AI Platform Team,Blackshark.ai GmbH,"Graz, Österreich",https://stackoverflow.com/jobs/491339 
"Scala/Go/Python Software Engineer - DevOps, MicroServices and Drug Discovery",Medicines Discovery Catapult,"Alderley Edge, UK",https://stackoverflow.com/jobs/459707 
Python Developer,Zyte (formerly Scrapinghub),No office location,https://stackoverflow.com/jobs/513698 
Django (Python) Back End Developer,"Daupler, Inc.","Kansas City, MO",https://stackoverflow.com/jobs/523350 
Python Software Engineer,Packet Fabric,No office location,https://stackoverflow.com/jobs/525452 
Software Engineers - Cloud Reliability & Infrastructure (Python or Java),Canva,"Sydney, Australia",https://stackoverflow.com/jobs/373689 
Fullstack Software Developer (m/f/d) Python at Netdoktor,Hubert Burda Media,"München, Deutschland",https://stackoverflow.com/jobs/523915 
Backend developer (Python/Django) with a passion for open source,5 Monkeys Agency ABvia5 Monkeys Agency AB,"Stockholm, Sweden",https://stackoverflow.com/jobs/518075 
Senior Python Back End Engineer (Remote-LatAm),Loadsmart,No office location,https://stackoverflow.com/jobs/508341 
Senior Python Backend Developer,Alfi Inc.,"Belfast, UK",https://stackoverflow.com/jobs/520640 
Software Engineer - PYTHON (m/f/d),Natif.ai GmbH,"Saarbrücken, Deutschland",https://stackoverflow.com/jobs/523049 
(Senior) Software Engineer (Python) - Vendor Tech (f/m/d),Delivery Hero SE,"Berlin, Germany",https://stackoverflow.com/jobs/523969 
Python Developer - REMOTE WORK,BairesDev LLC,No office location,https://stackoverflow.com/jobs/516938 
Senior Software Engineer - Python,DIGARC,No office location,https://stackoverflow.com/jobs/497630 
Senior Software Engineer - C++/Python,Optibrium,No office location,https://stackoverflow.com/jobs/519482 
Senior Python Developer,ShipHero,No office location,https://stackoverflow.com/jobs/524257 
Senior Software Engineer - Python,Andela,No office location,https://stackoverflow.com/jobs/515967 
Senior Software Engineer - Python (m/w/d),Ben Fleet Services GmbH,"Berlin, Deutschland",https://stackoverflow.com/jobs/504582 
Python Developer,Trailstone Group,"Austin, TX",https://stackoverflow.com/jobs/523157 
Senior Python Engineer,Bulb Energy,"London, UK",https://stackoverflow.com/jobs/396265 
